ba,song_number,song_name,score_link,audio_link,is_active
第1場,1,真夜中の庭で,,,TRUE
第2場,2,誰にもいうなよピーター,,,TRUE
第2場,3,おばけのクロック・ロック,,,TRUE
第3場,4,光の庭,,,TRUE
第3場,5,誰にもいうなよピーター,,,TRUE
第3場,6,光の庭 〜ぼくは透明人間,,,TRUE
第3場,7,嵐の晩,,,TRUE
第4場,8,ふたりなら,,,TRUE
第4場,9,くいしんぼうのガチョウ一家,,,TRUE
第4場,10,ハティいっしょに,,,TRUE
第6場,11,秘密のマーク,,,TRUE
第6場,12,てっぺんから見えるもの,,,TRUE
第7場,13,永遠をつかまえる,,,TRUE
第8場,14,楽しいスケート,,,TRUE
第9場,15,トムのことなんか,,,TRUE
第9場,16,永遠をつかまえる,,,TRUE
第10場,17,いいだせないままイーリーへ,,,TRUE
第11場,18,この先何があっても,,,TRUE
第11場,19,永遠をつかまえる,,,TRUE
第11場,20,ひび割れた氷,,,TRUE
第11場,21,ハティいっしょに２,,,TRUE
第12場,22,ひび割れた氷２,,,TRUE
第12場,23,ハティいっしょに３,,,TRUE
第13場,24,秘密のマーク２,,,TRUE
第13場,25,嵐の晩２,,,TRUE
第13場,26,もう時はない,,,TRUE
第14場,27,真夜中の庭へ〜光の庭,,,TRUE
